month,region,product,units,unit_price
2026-01,North,Widget,113,12.5
2026-01,North,Gadget,31,39.0
2026-01,North,Gizmo,271,7.25
2026-01,South,Widget,83,12.5
2026-01,South,Gadget,28,39.0
2026-01,South,Gizmo,199,7.25
2026-01,West,Widget,135,12.5
2026-01,West,Gadget,45,39.0
2026-01,West,Gizmo,291,7.25
2026-02,North,Widget,117,12.5
2026-02,North,Gadget,30,39.0
2026-02,North,Gizmo,228,7.25
2026-02,South,Widget,93,12.5
2026-02,South,Gadget,29,39.0
2026-02,South,Gizmo,184,7.25
2026-02,West,Widget,154,12.5
2026-02,West,Gadget,51,39.0
2026-02,West,Gizmo,414,7.25
2026-03,North,Widget,122,12.5
2026-03,North,Gadget,33,39.0
2026-03,North,Gizmo,297,7.25
2026-03,South,Widget,82,12.5
2026-03,South,Gadget,27,39.0
2026-03,South,Gizmo,194,7.25
2026-03,West,Widget,161,12.5
2026-03,West,Gadget,46,39.0
2026-03,West,Gizmo,369,7.25
2026-04,North,Widget,131,12.5
2026-04,North,Gadget,31,39.0
2026-04,North,Gizmo,266,7.25
2026-04,South,Widget,100,12.5
2026-04,South,Gadget,22,39.0
2026-04,South,Gizmo,210,7.25
2026-04,West,Widget,168,12.5
2026-04,West,Gadget,48,39.0
2026-04,West,Gizmo,382,7.25
2026-05,North,Widget,126,12.5
2026-05,North,Gadget,34,39.0
2026-05,North,Gizmo,245,7.25
2026-05,South,Widget,98,12.5
2026-05,South,Gadget,22,39.0
2026-05,South,Gizmo,195,7.25
2026-05,West,Widget,224,12.5
2026-05,West,Gadget,63,39.0
2026-05,West,Gizmo,411,7.25
2026-06,North,Widget,122,12.5
2026-06,North,Gadget,35,39.0
2026-06,North,Gizmo,289,7.25
2026-06,South,Widget,102,12.5
2026-06,South,Gadget,19,39.0
2026-06,South,Gizmo,237,7.25
2026-06,West,Widget,193,12.5
2026-06,West,Gadget,62,39.0
2026-06,West,Gizmo,509,7.25
